event_id,y,m,d,h,discharge
0,1954,6,16,14,2.232907
0,1954,6,16,15,3.475205
0,1954,6,16,16,5.418493
0,1954,6,16,17,11.442344
0,1954,6,16,18,21.770852
0,1954,6,16,19,30.588046
0,1954,6,16,20,39.071336
0,1954,6,16,21,52.315323
0,1954,6,16,22,73.623892
0,1954,6,16,23,101.267740
0,1954,6,17,0,124.813933
0,1954,6,17,1,136.939306
0,1954,6,17,2,139.718311
0,1954,6,17,3,137.658692
0,1954,6,17,4,133.471892
0,1954,6,17,5,128.236061
0,1954,6,17,6,122.347705
0,1954,6,17,7,116.130949
0,1954,6,17,8,110.009617
0,1954,6,17,9,104.394684
0,1954,6,17,10,99.771728
0,1954,6,17,11,96.009323
0,1954,6,17,12,92.290809
0,1954,6,17,13,88.430369
0,1954,6,17,14,84.393469
0,1954,6,17,15,80.339218
0,1954,6,17,16,76.416787
0,1954,6,17,17,72.724052
0,1954,6,17,18,70.252773
0,1954,6,17,19,69.676519
0,1954,6,17,20,71.644337
0,1954,6,17,21,76.766353
0,1954,6,17,22,83.425781
0,1954,6,17,23,88.860246
0,1954,6,18,0,92.775965
0,1954,6,18,1,99.804993
0,1954,6,18,2,114.221460
0,1954,6,18,3,134.366090
0,1954,6,18,4,155.128694
0,1954,6,18,5,170.809365
0,1954,6,18,6,180.680792
0,1954,6,18,7,187.905942
0,1954,6,18,8,194.794245
0,1954,6,18,9,200.738018
0,1954,6,18,10,205.286521
0,1954,6,18,11,207.499722
0,1954,6,18,12,207.160954
0,1954,6,18,13,203.503077
0,1954,6,18,14,198.682186
0,1954,6,18,15,193.335525
0,1954,6,18,16,186.613472
0,1954,6,18,17,178.894471
0,1954,6,18,18,170.719684
0,1954,6,18,19,162.610235
0,1954,6,18,20,154.872892
0,1954,6,18,21,147.588106
0,1954,6,18,22,140.742030
0,1954,6,18,23,134.297174
0,1954,6,19,0,128.234113
0,1954,6,19,1,122.521478
0,1954,6,19,2,117.100295
0,1954,6,19,3,111.902254
0,1954,6,19,4,106.878180
0,1954,6,19,5,102.012284
0,1954,6,19,6,97.316904
0,1954,6,19,7,92.817161
0,1954,6,19,8,88.536672
0,1954,6,19,9,84.489751
0,1954,6,19,10,80.679857
0,1954,6,19,11,77.101660
0,1954,6,19,12,73.744185
0,1954,6,19,13,70.593606
0,1954,6,19,14,67.635204
0,1954,6,19,15,64.854510
0,1954,6,19,16,62.237882
0,1954,6,19,17,59.772734
0,1954,6,19,18,57.447567
0,1954,6,19,19,55.251929
0,1954,6,19,20,53.176321
0,1954,6,19,21,51.212107
0,1954,6,19,22,49.351428
0,1954,6,19,23,47.587117
0,1954,6,20,0,45.912625
1,1955,6,12,17,5.111314
1,1955,6,12,18,5.048854
1,1955,6,12,19,7.591936
1,1955,6,12,20,19.793504
1,1955,6,12,21,41.406350
1,1955,6,12,22,122.483464
1,1955,6,12,23,221.256087
1,1955,6,13,0,318.308885
1,1955,6,13,1,398.088243
1,1955,6,13,2,465.196125
1,1955,6,13,3,525.207750
1,1955,6,13,4,575.683848
1,1955,6,13,5,609.832565
1,1955,6,13,6,622.232612
1,1955,6,13,7,612.012472
1,1955,6,13,8,582.919965
1,1955,6,13,9,541.350222
1,1955,6,13,10,494.163259
1,1955,6,13,11,446.229279
1,1955,6,13,12,401.207719
1,1955,6,13,13,361.821800
1,1955,6,13,14,328.024175
1,1955,6,13,15,299.361435
1,1955,6,13,16,275.007466
1,1955,6,13,17,254.134556
1,1955,6,13,18,236.146216
1,1955,6,13,19,220.635003
1,1955,6,13,20,207.124776
1,1955,6,13,21,195.015655
1,1955,6,13,22,183.954437
1,1955,6,13,23,173.697056
1,1955,6,14,0,164.065838
1,1955,6,14,1,154.992857
1,1955,6,14,2,146.491260
1,1955,6,14,3,138.585150
1,1955,6,14,4,131.262974
1,1955,6,14,5,124.475358
1,1955,6,14,6,118.158148
1,1955,6,14,7,112.254669
1,1955,6,14,8,106.724744
1,1955,6,14,9,101.542270
1,1955,6,14,10,96.688519
1,1955,6,14,11,92.146563
1,1955,6,14,12,87.898576
1,1955,6,14,13,84.113279
1,1955,6,14,14,80.741647
1,1955,6,14,15,77.576214
1,1955,6,14,16,74.608996
1,1955,6,14,17,71.787407
1,1955,6,14,18,69.087259
1,1955,6,14,19,66.504668
1,1955,6,14,20,64.067302
1,1955,6,14,21,61.773735
1,1955,6,14,22,59.556428
1,1955,6,14,23,57.393414
1,1955,6,15,0,55.302907
1,1955,6,15,1,53.299668
1,1955,6,15,2,51.388659
1,1955,6,15,3,49.569333
1,1955,6,15,4,47.838642
1,1955,6,15,5,46.192448
2,1970,4,12,8,9.004540
2,1970,4,12,9,10.494002
2,1970,4,12,10,12.267493
2,1970,4,12,11,14.155644
2,1970,4,12,12,16.247370
2,1970,4,12,13,18.366248
2,1970,4,12,14,20.439581
2,1970,4,12,15,22.452806
2,1970,4,12,16,24.357778
2,1970,4,12,17,26.058899
2,1970,4,12,18,27.470730
2,1970,4,12,19,28.529780
2,1970,4,12,20,29.158905
2,1970,4,12,21,29.389154
2,1970,4,12,22,29.398967
2,1970,4,12,23,29.271839
2,1970,4,13,0,29.003889
2,1970,4,13,1,28.625565
2,1970,4,13,2,28.173019
2,1970,4,13,3,27.670088
2,1970,4,13,4,27.131998
2,1970,4,13,5,26.564802
2,1970,4,13,6,25.966319
2,1970,4,13,7,25.331972
2,1970,4,13,8,24.678209
2,1970,4,13,9,24.225079
2,1970,4,13,10,24.631446
2,1970,4,13,11,24.726717
2,1970,4,13,12,26.181940
2,1970,4,13,13,28.693787
2,1970,4,13,14,32.615808
2,1970,4,13,15,37.596993
2,1970,4,13,16,42.919573
2,1970,4,13,17,47.582490
2,1970,4,13,18,50.894837
2,1970,4,13,19,52.900444
2,1970,4,13,20,53.768867
2,1970,4,13,21,53.647368
2,1970,4,13,22,52.726783
2,1970,4,13,23,51.432543
2,1970,4,14,0,50.408002
2,1970,4,14,1,50.076035
2,1970,4,14,2,50.410960
2,1970,4,14,3,52.065392
2,1970,4,14,4,54.476248
2,1970,4,14,5,58.549958
2,1970,4,14,6,64.422047
2,1970,4,14,7,71.704163
2,1970,4,14,8,80.206595
2,1970,4,14,9,89.686204
2,1970,4,14,10,99.253721
2,1970,4,14,11,108.313649
2,1970,4,14,12,117.401929
2,1970,4,14,13,126.550392
2,1970,4,14,14,135.822326
2,1970,4,14,15,145.868906
2,1970,4,14,16,156.231411
2,1970,4,14,17,165.452749
2,1970,4,14,18,172.894318
2,1970,4,14,19,178.094284
2,1970,4,14,20,181.300588
2,1970,4,14,21,182.867939
2,1970,4,14,22,183.279659
2,1970,4,14,23,182.070709
2,1970,4,15,0,179.480788
2,1970,4,15,1,175.474233
2,1970,4,15,2,170.403343
2,1970,4,15,3,164.654501
2,1970,4,15,4,158.502970
2,1970,4,15,5,152.116294
2,1970,4,15,6,145.595821
2,1970,4,15,7,139.037945
2,1970,4,15,8,132.551820
2,1970,4,15,9,126.244158
2,1970,4,15,10,120.231849
2,1970,4,15,11,114.666207
2,1970,4,15,12,109.584545
2,1970,4,15,13,104.953592
2,1970,4,15,14,100.797739
2,1970,4,15,15,97.126177
2,1970,4,15,16,94.779498
2,1970,4,15,17,92.939038
2,1970,4,15,18,92.016395
2,1970,4,15,19,91.506499
2,1970,4,15,20,90.977157
2,1970,4,15,21,90.294899
2,1970,4,15,22,89.514004
2,1970,4,15,23,89.001068
2,1970,4,16,0,88.723964
2,1970,4,16,1,88.800221
2,1970,4,16,2,88.924130
2,1970,4,16,3,89.085342
2,1970,4,16,4,89.287093
2,1970,4,16,5,89.764068
2,1970,4,16,6,90.681059
2,1970,4,16,7,92.241090
2,1970,4,16,8,94.724767
2,1970,4,16,9,99.933068
2,1970,4,16,10,106.223978
2,1970,4,16,11,113.047675
2,1970,4,16,12,119.292135
2,1970,4,16,13,124.689367
2,1970,4,16,14,129.050496
2,1970,4,16,15,133.202864
2,1970,4,16,16,136.666710
2,1970,4,16,17,139.780655
2,1970,4,16,18,142.359125
2,1970,4,16,19,144.329796
2,1970,4,16,20,145.676592
2,1970,4,16,21,146.421926
2,1970,4,16,22,146.559292
2,1970,4,16,23,146.310308
2,1970,4,17,0,145.801873
2,1970,4,17,1,145.228351
2,1970,4,17,2,144.581775
2,1970,4,17,3,143.768436
2,1970,4,17,4,142.628873
2,1970,4,17,5,141.387609
2,1970,4,17,6,140.007977
2,1970,4,17,7,138.561971
2,1970,4,17,8,137.117332
2,1970,4,17,9,135.720517
2,1970,4,17,10,134.413678
2,1970,4,17,11,133.224481
2,1970,4,17,12,132.180819
2,1970,4,17,13,131.775916
2,1970,4,17,14,132.572193
2,1970,4,17,15,134.390632
2,1970,4,17,16,137.613212
2,1970,4,17,17,141.581721
2,1970,4,17,18,145.711548
2,1970,4,17,19,149.406933
2,1970,4,17,20,152.357399
2,1970,4,17,21,154.649553
2,1970,4,17,22,156.382879
2,1970,4,17,23,157.475082
2,1970,4,18,0,157.695709
2,1970,4,18,1,156.831635
2,1970,4,18,2,154.789187
2,1970,4,18,3,151.611301
2,1970,4,18,4,147.458158
2,1970,4,18,5,142.566553
2,1970,4,18,6,137.193482
2,1970,4,18,7,131.570729
2,1970,4,18,8,125.896780
2,1970,4,18,9,120.337178
2,1970,4,18,10,115.019723
2,1970,4,18,11,110.021930
2,1970,4,18,12,105.368377
2,1970,4,18,13,101.038799
2,1970,4,18,14,96.980492
2,1970,4,18,15,93.139930
2,1970,4,18,16,89.478837
2,1970,4,18,17,86.023587
2,1970,4,18,18,82.739598
2,1970,4,18,19,79.552729
2,1970,4,18,20,76.388199
2,1970,4,18,21,73.253477
2,1970,4,18,22,70.192698
2,1970,4,18,23,67.251976
2,1970,4,19,0,64.487583
2,1970,4,19,1,61.918352
2,1970,4,19,2,59.643151
2,1970,4,19,3,57.851368
3,1971,11,26,7,21.568396
3,1971,11,26,8,23.122584
3,1971,11,26,9,24.791813
3,1971,11,26,10,26.548358
3,1971,11,26,11,28.346386
3,1971,11,26,12,30.094385
3,1971,11,26,13,31.672023
3,1971,11,26,14,32.979049
3,1971,11,26,15,33.982588
3,1971,11,26,16,34.722218
3,1971,11,26,17,35.260891
3,1971,11,26,18,35.650960
3,1971,11,26,19,35.909686
3,1971,11,26,20,36.041096
3,1971,11,26,21,36.046659
3,1971,11,26,22,35.940082
3,1971,11,26,23,35.727179
3,1971,11,27,0,35.422011
3,1971,11,27,1,35.043578
3,1971,11,27,2,34.638861
3,1971,11,27,3,34.228552
3,1971,11,27,4,33.803712
3,1971,11,27,5,33.348743
3,1971,11,27,6,32.849773
3,1971,11,27,7,32.294582
3,1971,11,27,8,31.676147
3,1971,11,27,9,31.039422
3,1971,11,27,10,30.424832
3,1971,11,27,11,30.050071
3,1971,11,27,12,29.925323
3,1971,11,27,13,30.344876
3,1971,11,27,14,31.478888
3,1971,11,27,15,33.419778
3,1971,11,27,16,35.964705
3,1971,11,27,17,39.100721
3,1971,11,27,18,42.576309
3,1971,11,27,19,46.207011
3,1971,11,27,20,49.938096
3,1971,11,27,21,53.545531
3,1971,11,27,22,56.689873
3,1971,11,27,23,59.090818
3,1971,11,28,0,60.570646
3,1971,11,28,1,61.084786
3,1971,11,28,2,60.719054
3,1971,11,28,3,59.646782
3,1971,11,28,4,58.072339
3,1971,11,28,5,56.619712
3,1971,11,28,6,54.952691
3,1971,11,28,7,53.458511
3,1971,11,28,8,51.992678
3,1971,11,28,9,50.544188
3,1971,11,28,10,49.429091
3,1971,11,28,11,48.560424
3,1971,11,28,12,48.030690
3,1971,11,28,13,47.634095
3,1971,11,28,14,47.180106
3,1971,11,28,15,46.612894
3,1971,11,28,16,45.936009
3,1971,11,28,17,45.156683
3,1971,11,28,18,44.270652
3,1971,11,28,19,43.270210
3,1971,11,28,20,42.157768
3,1971,11,28,21,40.966955
3,1971,11,28,22,39.740778
3,1971,11,28,23,38.544042
3,1971,11,29,0,37.428065
3,1971,11,29,1,36.431856
3,1971,11,29,2,35.583916
3,1971,11,29,3,34.885550
3,1971,11,29,4,34.288671
3,1971,11,29,5,33.725825
3,1971,11,29,6,33.133281
3,1971,11,29,7,32.482169
3,1971,11,29,8,31.766362
3,1971,11,29,9,31.001405
3,1971,11,29,10,30.210438
3,1971,11,29,11,29.414726
3,1971,11,29,12,28.629880
3,1971,11,29,13,27.890228
3,1971,11,29,14,27.142947
3,1971,11,29,15,26.435287
3,1971,11,29,16,25.754882
3,1971,11,29,17,25.102394
3,1971,11,29,18,24.483335
3,1971,11,29,19,23.894183
3,1971,11,29,20,23.356910
3,1971,11,29,21,23.053305
3,1971,11,29,22,22.982393
3,1971,11,29,23,22.924031
3,1971,11,30,0,22.904841
3,1971,11,30,1,22.983542
3,1971,11,30,2,23.224389
3,1971,11,30,3,23.606735
3,1971,11,30,4,24.037321
3,1971,11,30,5,24.403540
3,1971,11,30,6,24.613083
3,1971,11,30,7,24.609328
3,1971,11,30,8,24.393969
3,1971,11,30,9,24.011478
3,1971,11,30,10,23.516605
3,1971,11,30,11,22.956914
3,1971,11,30,12,22.367703
3,1971,11,30,13,21.772515
3,1971,11,30,14,21.191413
3,1971,11,30,15,20.668371
3,1971,11,30,16,20.251990
3,1971,11,30,17,20.056764
3,1971,11,30,18,20.243705
3,1971,11,30,19,20.840669
3,1971,11,30,20,21.812982
3,1971,11,30,21,23.172854
3,1971,11,30,22,24.815482
3,1971,11,30,23,26.525819
3,1971,12,1,0,28.188619
3,1971,12,1,1,29.567866
3,1971,12,1,2,30.516730
3,1971,12,1,3,31.013791
3,1971,12,1,4,31.100862
3,1971,12,1,5,30.864905
3,1971,12,1,6,30.379022
3,1971,12,1,7,29.714569
3,1971,12,1,8,28.939408
3,1971,12,1,9,28.111194
3,1971,12,1,10,27.269797
3,1971,12,1,11,26.440135
3,1971,12,1,12,25.636051
3,1971,12,1,13,24.863710
3,1971,12,1,14,24.124880
3,1971,12,1,15,23.419332
3,1971,12,1,16,22.745733
3,1971,12,1,17,22.101929
3,1971,12,1,18,21.485634
3,1971,12,1,19,20.895045
3,1971,12,1,20,20.328922
3,1971,12,1,21,19.921401
3,1971,12,1,22,20.273256
3,1971,12,1,23,20.732602
3,1971,12,2,0,21.749607
3,1971,12,2,1,22.851838
3,1971,12,2,2,23.970326
3,1971,12,2,3,25.281498
3,1971,12,2,4,26.796249
3,1971,12,2,5,28.339161
3,1971,12,2,6,29.680895
3,1971,12,2,7,30.985558
3,1971,12,2,8,32.433650
3,1971,12,2,9,33.823040
3,1971,12,2,10,35.114261
3,1971,12,2,11,36.083701
3,1971,12,2,12,36.803059
3,1971,12,2,13,37.689132
3,1971,12,2,14,38.450734
3,1971,12,2,15,39.412981
3,1971,12,2,16,40.328423
3,1971,12,2,17,41.810726
3,1971,12,2,18,43.354997
3,1971,12,2,19,45.086690
3,1971,12,2,20,46.621808
3,1971,12,2,21,47.839543
3,1971,12,2,22,48.667538
3,1971,12,2,23,49.155057
3,1971,12,3,0,49.323906
3,1971,12,3,1,49.204263
3,1971,12,3,2,48.964049
3,1971,12,3,3,48.756201
3,1971,12,3,4,48.671764
3,1971,12,3,5,48.788770
3,1971,12,3,6,49.042908
3,1971,12,3,7,49.285810
3,1971,12,3,8,49.330951
3,1971,12,3,9,49.243153
3,1971,12,3,10,49.680586
3,1971,12,3,11,53.939436
3,1971,12,3,12,61.733569
3,1971,12,3,13,86.156581
3,1971,12,3,14,117.577758
3,1971,12,3,15,157.186405
3,1971,12,3,16,198.828838
3,1971,12,3,17,240.237381
3,1971,12,3,18,278.179718
3,1971,12,3,19,307.506729
3,1971,12,3,20,324.820268
3,1971,12,3,21,330.554161
3,1971,12,3,22,327.129692
3,1971,12,3,23,317.363826
3,1971,12,4,0,303.477312
3,1971,12,4,1,288.155841
3,1971,12,4,2,273.694995
3,1971,12,4,3,261.059079
3,1971,12,4,4,249.929161
3,1971,12,4,5,239.828899
3,1971,12,4,6,230.309632
3,1971,12,4,7,222.035082
3,1971,12,4,8,216.220156
3,1971,12,4,9,213.539209
3,1971,12,4,10,212.842465
3,1971,12,4,11,212.735853
3,1971,12,4,12,213.396156
3,1971,12,4,13,216.217166
3,1971,12,4,14,220.516448
3,1971,12,4,15,224.175590
3,1971,12,4,16,225.740104
3,1971,12,4,17,224.908291
3,1971,12,4,18,221.868211
3,1971,12,4,19,216.853945
3,1971,12,4,20,210.138463
3,1971,12,4,21,202.035932
3,1971,12,4,22,192.914506
3,1971,12,4,23,183.179114
3,1971,12,5,0,173.223982
3,1971,12,5,1,163.385094
3,1971,12,5,2,153.911328
3,1971,12,5,3,144.959212
3,1971,12,5,4,136.605728
3,1971,12,5,5,128.869500
3,1971,12,5,6,121.732182
3,1971,12,5,7,115.155560
3,1971,12,5,8,109.093229
3,1971,12,5,9,103.497550
3,1971,12,5,10,98.323280
3,1971,12,5,11,93.529113
3,1971,12,5,12,89.078087
3,1971,12,5,13,84.937428
3,1971,12,5,14,81.078172
3,1971,12,5,15,77.474720
3,1971,12,5,16,74.104441
3,1971,12,5,17,70.947324
3,1971,12,5,18,67.985636
3,1971,12,5,19,65.203560
3,1971,12,5,20,62.608029
3,1971,12,5,21,61.573802
3,1971,12,5,22,61.065468
3,1971,12,5,23,61.528547
3,1971,12,6,0,62.034531
3,1971,12,6,1,62.277577
3,1971,12,6,2,62.405146
3,1971,12,6,3,62.532638
3,1971,12,6,4,62.616944
3,1971,12,6,5,62.496628
3,1971,12,6,6,62.055452
3,1971,12,6,7,61.264945
3,1971,12,6,8,60.182262
3,1971,12,6,9,58.863989
3,1971,12,6,10,57.365807
3,1971,12,6,11,55.760548
3,1971,12,6,12,54.097753
3,1971,12,6,13,52.427186
3,1971,12,6,14,50.776411
3,1971,12,6,15,49.152281
4,1976,9,22,9,4.973109
4,1976,9,22,10,6.557369
4,1976,9,22,11,9.683262
4,1976,9,22,12,12.211250
4,1976,9,22,13,16.032689
4,1976,9,22,14,21.816479
4,1976,9,22,15,27.475834
4,1976,9,22,16,35.046603
4,1976,9,22,17,45.478393
4,1976,9,22,18,58.325637
4,1976,9,22,19,75.672656
4,1976,9,22,20,95.338788
4,1976,9,22,21,116.450008
4,1976,9,22,22,141.226454
4,1976,9,22,23,164.306301
4,1976,9,23,0,185.678248
4,1976,9,23,1,203.343183
4,1976,9,23,2,216.475645
4,1976,9,23,3,224.846515
4,1976,9,23,4,228.356134
4,1976,9,23,5,227.312701
4,1976,9,23,6,222.332828
4,1976,9,23,7,214.282295
4,1976,9,23,8,204.138855
4,1976,9,23,9,192.799674
4,1976,9,23,10,182.090698
4,1976,9,23,11,173.449914
4,1976,9,23,12,166.410565
4,1976,9,23,13,162.862636
4,1976,9,23,14,161.615259
4,1976,9,23,15,162.121010
4,1976,9,23,16,164.057977
4,1976,9,23,17,166.067260
4,1976,9,23,18,167.672044
4,1976,9,23,19,168.356503
4,1976,9,23,20,167.845622
4,1976,9,23,21,166.020751
4,1976,9,23,22,162.883757
4,1976,9,23,23,159.049024
4,1976,9,24,0,154.801021
4,1976,9,24,1,150.377725
4,1976,9,24,2,145.782805
4,1976,9,24,3,141.212753
4,1976,9,24,4,137.089832
4,1976,9,24,5,133.945018
4,1976,9,24,6,131.506509
4,1976,9,24,7,130.240686
4,1976,9,24,8,129.529017
4,1976,9,24,9,129.710279
4,1976,9,24,10,130.151771
4,1976,9,24,11,130.907050
4,1976,9,24,12,132.381889
4,1976,9,24,13,133.836800
4,1976,9,24,14,135.386135
4,1976,9,24,15,136.402687
4,1976,9,24,16,136.459502
4,1976,9,24,17,135.920539
4,1976,9,24,18,135.543366
4,1976,9,24,19,134.647463
4,1976,9,24,20,133.283367
4,1976,9,24,21,130.884190
4,1976,9,24,22,127.455250
4,1976,9,24,23,123.233551
4,1976,9,25,0,118.531884
4,1976,9,25,1,113.588211
4,1976,9,25,2,108.573949
4,1976,9,25,3,103.620355
4,1976,9,25,4,99.038195
4,1976,9,25,5,94.777111
4,1976,9,25,6,90.804833
4,1976,9,25,7,86.939133
4,1976,9,25,8,83.178656
4,1976,9,25,9,79.581868
4,1976,9,25,10,76.182864
4,1976,9,25,11,72.991361
4,1976,9,25,12,69.998744
4,1976,9,25,13,67.184640
4,1976,9,25,14,64.525302
4,1976,9,25,15,62.000654
4,1976,9,25,16,59.597761
4,1976,9,25,17,57.315159
4,1976,9,25,18,55.167014
4,1976,9,25,19,53.163024
4,1976,9,25,20,51.339251
4,1976,9,25,21,49.601479
4,1976,9,25,22,47.962323
5,1982,2,28,22,4.623041
5,1982,2,28,23,6.060843
5,1982,3,1,0,8.009389
5,1982,3,1,1,10.003633
5,1982,3,1,2,12.078918
5,1982,3,1,3,14.526766
5,1982,3,1,4,17.368876
5,1982,3,1,5,20.439743
5,1982,3,1,6,23.431729
5,1982,3,1,7,26.054232
5,1982,3,1,8,28.189528
5,1982,3,1,9,29.812015
5,1982,3,1,10,31.062446
5,1982,3,1,11,32.103910
5,1982,3,1,12,33.038250
5,1982,3,1,13,33.898480
5,1982,3,1,14,34.668337
5,1982,3,1,15,35.305737
5,1982,3,1,16,35.947069
5,1982,3,1,17,38.269640
5,1982,3,1,18,40.414967
5,1982,3,1,19,44.866477
5,1982,3,1,20,49.711583
5,1982,3,1,21,55.034455
5,1982,3,1,22,60.364186
5,1982,3,1,23,65.719689
5,1982,3,2,0,71.222587
5,1982,3,2,1,76.740811
5,1982,3,2,2,81.871882
5,1982,3,2,3,86.277083
5,1982,3,2,4,89.637459
5,1982,3,2,5,91.698045
5,1982,3,2,6,92.342419
5,1982,3,2,7,91.800359
5,1982,3,2,8,90.751094
5,1982,3,2,9,89.501906
5,1982,3,2,10,89.184443
5,1982,3,2,11,90.434433
5,1982,3,2,12,93.543999
5,1982,3,2,13,97.751429
5,1982,3,2,14,103.922523
5,1982,3,2,15,110.899541
5,1982,3,2,16,118.524006
5,1982,3,2,17,125.789589
5,1982,3,2,18,133.173196
5,1982,3,2,19,143.905905
5,1982,3,2,20,156.974697
5,1982,3,2,21,171.677012
5,1982,3,2,22,184.723630
5,1982,3,2,23,195.173027
5,1982,3,3,0,202.943321
5,1982,3,3,1,208.260370
5,1982,3,3,2,211.110517
5,1982,3,3,3,211.345902
5,1982,3,3,4,208.890393
5,1982,3,3,5,203.893450
5,1982,3,3,6,196.759778
5,1982,3,3,7,188.071871
5,1982,3,3,8,178.464973
5,1982,3,3,9,168.513443
5,1982,3,3,10,158.684453
5,1982,3,3,11,149.991870
5,1982,3,3,12,143.135999
5,1982,3,3,13,138.862746
5,1982,3,3,14,136.471117
5,1982,3,3,15,135.920523
5,1982,3,3,16,136.812467
5,1982,3,3,17,138.490091
5,1982,3,3,18,140.957837
5,1982,3,3,19,143.566073
5,1982,3,3,20,145.869542
5,1982,3,3,21,147.555408
5,1982,3,3,22,148.309004
5,1982,3,3,23,147.824799
5,1982,3,4,0,145.952996
5,1982,3,4,1,142.723528
5,1982,3,4,2,138.344002
5,1982,3,4,3,133.143995
5,1982,3,4,4,127.480998
5,1982,3,4,5,121.681275
5,1982,3,4,6,115.999731
5,1982,3,4,7,110.660253
5,1982,3,4,8,105.724080
5,1982,3,4,9,101.196110
5,1982,3,4,10,96.961409
5,1982,3,4,11,92.934224
5,1982,3,4,12,89.114221
5,1982,3,4,13,85.518531
5,1982,3,4,14,82.135184
5,1982,3,4,15,78.970621
5,1982,3,4,16,76.056201
5,1982,3,4,17,73.583485
5,1982,3,4,18,71.233082
5,1982,3,4,19,69.156978
5,1982,3,4,20,67.136290
5,1982,3,4,21,65.181730
5,1982,3,4,22,63.387769
5,1982,3,4,23,61.811563
5,1982,3,5,0,60.424382
5,1982,3,5,1,59.131339
5,1982,3,5,2,57.823329
5,1982,3,5,3,56.421592
5,1982,3,5,4,54.896344
5,1982,3,5,5,53.261072
5,1982,3,5,6,51.554340
5,1982,3,5,7,49.821477
5,1982,3,5,8,48.102451
5,1982,3,5,9,46.427364
5,1982,3,5,10,44.813946
6,1987,9,27,7,0.778466
6,1987,9,27,8,0.963277
6,1987,9,27,9,4.342015
6,1987,9,27,10,4.042700
6,1987,9,27,11,4.892368
6,1987,9,27,12,5.533995
6,1987,9,27,13,6.293350
6,1987,9,27,14,7.882464
6,1987,9,27,15,11.139773
6,1987,9,27,16,17.066899
6,1987,9,27,17,26.042583
6,1987,9,27,18,36.642963
6,1987,9,27,19,47.532283
6,1987,9,27,20,56.776691
6,1987,9,27,21,63.310702
6,1987,9,27,22,66.735038
6,1987,9,27,23,67.381819
6,1987,9,28,0,65.956903
6,1987,9,28,1,63.233457
6,1987,9,28,2,59.868603
6,1987,9,28,3,56.342117
6,1987,9,28,4,52.941324
6,1987,9,28,5,49.790033
6,1987,9,28,6,46.903656
6,1987,9,28,7,44.245556
6,1987,9,28,8,41.770247
6,1987,9,28,9,39.446131
6,1987,9,28,10,37.259387
6,1987,9,28,11,35.207607
6,1987,9,28,12,33.291851
6,1987,9,28,13,31.511523
6,1987,9,28,14,29.862626
6,1987,9,28,15,28.388741
6,1987,9,28,16,27.202171
6,1987,9,28,17,26.178581
6,1987,9,28,18,25.559932
6,1987,9,28,19,25.792981
6,1987,9,28,20,26.482918
6,1987,9,28,21,30.398797
6,1987,9,28,22,37.446805
6,1987,9,28,23,48.444324
6,1987,9,29,0,62.066780
6,1987,9,29,1,75.588928
6,1987,9,29,2,89.818924
6,1987,9,29,3,106.522899
6,1987,9,29,4,125.635745
6,1987,9,29,5,145.047716
6,1987,9,29,6,161.862609
6,1987,9,29,7,173.797808
6,1987,9,29,8,179.694337
6,1987,9,29,9,179.954017
6,1987,9,29,10,176.136934
6,1987,9,29,11,169.725698
6,1987,9,29,12,163.773637
6,1987,9,29,13,159.454418
6,1987,9,29,14,157.543037
6,1987,9,29,15,157.119788
6,1987,9,29,16,157.251273
6,1987,9,29,17,157.679423
6,1987,9,29,18,158.048733
6,1987,9,29,19,158.756531
6,1987,9,29,20,159.972103
6,1987,9,29,21,161.674449
6,1987,9,29,22,163.184894
6,1987,9,29,23,163.362135
6,1987,9,30,0,161.603846
6,1987,9,30,1,158.112923
6,1987,9,30,2,153.342445
6,1987,9,30,3,147.725514
6,1987,9,30,4,141.671107
6,1987,9,30,5,135.659171
6,1987,9,30,6,129.858865
6,1987,9,30,7,124.374032
6,1987,9,30,8,119.294031
6,1987,9,30,9,114.575289
6,1987,9,30,10,110.219388
6,1987,9,30,11,106.199496
6,1987,9,30,12,102.423991
6,1987,9,30,13,98.775216
6,1987,9,30,14,95.153166
6,1987,9,30,15,91.498667
6,1987,9,30,16,87.802500
6,1987,9,30,17,84.098001
6,1987,9,30,18,80.440272
6,1987,9,30,19,76.885515
6,1987,9,30,20,73.753449
6,1987,9,30,21,71.742077
6,1987,9,30,22,70.291714
6,1987,9,30,23,69.562422
6,1987,10,1,0,68.638337
6,1987,10,1,1,67.374439
6,1987,10,1,2,65.783379
6,1987,10,1,3,64.033953
6,1987,10,1,4,62.299483
6,1987,10,1,5,60.674081
6,1987,10,1,6,59.166339
6,1987,10,1,7,57.724433
6,1987,10,1,8,56.275666
6,1987,10,1,9,54.763934
6,1987,10,1,10,53.168962
6,1987,10,1,11,51.504176
6,1987,10,1,12,49.802294
6,1987,10,1,13,48.099961
6,1987,10,1,14,46.427833
6,1987,10,1,15,44.806917
6,1987,10,1,16,43.249111
6,1987,10,1,17,41.759488
6,1987,10,1,18,40.338755
6,1987,10,1,19,38.985157
6,1987,10,1,20,37.695742
6,1987,10,1,21,36.467088
6,1987,10,1,22,35.295698
6,1987,10,1,23,34.178180
6,1987,10,2,0,33.111330
6,1987,10,2,1,32.092151
6,1987,10,2,2,31.117855
6,1987,10,2,3,30.185854
6,1987,10,2,4,29.293741
6,1987,10,2,5,28.439283
6,1987,10,2,6,27.620399
6,1987,10,2,7,26.835153
6,1987,10,2,8,26.081740
6,1987,10,2,9,25.358476
6,1987,10,2,10,24.663785
6,1987,10,2,11,23.996198
6,1987,10,2,12,23.354336
6,1987,10,2,13,22.736909
6,1987,10,2,14,22.142706
6,1987,10,2,15,21.570593
6,1987,10,2,16,21.019502
6,1987,10,2,17,20.488429
6,1987,10,2,18,19.976431
6,1987,10,2,19,19.482620
6,1987,10,2,20,19.006157
6,1987,10,2,21,18.546253
6,1987,10,2,22,18.102417
6,1987,10,2,23,17.676027
6,1987,10,3,0,17.266513
6,1987,10,3,1,17.060460
6,1987,10,3,2,17.983628
6,1987,10,3,3,19.326047
6,1987,10,3,4,21.124982
6,1987,10,3,5,22.933546
7,1991,5,14,1,3.052354
7,1991,5,14,2,3.102836
7,1991,5,14,3,5.092097
7,1991,5,14,4,6.439639
7,1991,5,14,5,8.633491
7,1991,5,14,6,11.373541
7,1991,5,14,7,14.659546
7,1991,5,14,8,19.925489
7,1991,5,14,9,27.318500
7,1991,5,14,10,35.461843
7,1991,5,14,11,41.746568
7,1991,5,14,12,46.082527
7,1991,5,14,13,49.001046
7,1991,5,14,14,50.832118
7,1991,5,14,15,51.641998
7,1991,5,14,16,51.621817
7,1991,5,14,17,50.933008
7,1991,5,14,18,49.757419
7,1991,5,14,19,48.261409
7,1991,5,14,20,46.585136
7,1991,5,14,21,44.840752
7,1991,5,14,22,43.113086
7,1991,5,14,23,41.469678
7,1991,5,15,0,39.998047
7,1991,5,15,1,38.878386
7,1991,5,15,2,38.224897
7,1991,5,15,3,38.628737
7,1991,5,15,4,39.203068
7,1991,5,15,5,40.192382
7,1991,5,15,6,40.999033
7,1991,5,15,7,41.306436
7,1991,5,15,8,41.190441
7,1991,5,15,9,40.695330
7,1991,5,15,10,40.189653
7,1991,5,15,11,39.569569
7,1991,5,15,12,39.106366
7,1991,5,15,13,39.207782
7,1991,5,15,14,39.503401
7,1991,5,15,15,40.885883
7,1991,5,15,16,42.515189
7,1991,5,15,17,44.891211
7,1991,5,15,18,48.026969
7,1991,5,15,19,52.416966
7,1991,5,15,20,58.484685
7,1991,5,15,21,65.182685
7,1991,5,15,22,71.802374
7,1991,5,15,23,77.549475
7,1991,5,16,0,82.998282
7,1991,5,16,1,89.206703
7,1991,5,16,2,97.457454
7,1991,5,16,3,110.846120
7,1991,5,16,4,125.618542
7,1991,5,16,5,141.244747
7,1991,5,16,6,155.004457
7,1991,5,16,7,167.496505
7,1991,5,16,8,178.914704
7,1991,5,16,9,188.375537
7,1991,5,16,10,197.501911
7,1991,5,16,11,204.464354
7,1991,5,16,12,213.610819
7,1991,5,16,13,223.397207
7,1991,5,16,14,232.035929
7,1991,5,16,15,238.521831
7,1991,5,16,16,242.792941
7,1991,5,16,17,246.254441
7,1991,5,16,18,249.450114
7,1991,5,16,19,252.417920
7,1991,5,16,20,256.529686
7,1991,5,16,21,261.723479
7,1991,5,16,22,266.843194
7,1991,5,16,23,269.924908
7,1991,5,17,0,269.007377
7,1991,5,17,1,264.755438
7,1991,5,17,2,258.648523
7,1991,5,17,3,251.842569
7,1991,5,17,4,244.940333
7,1991,5,17,5,238.115436
7,1991,5,17,6,231.350568
7,1991,5,17,7,224.649899
7,1991,5,17,8,218.185006
7,1991,5,17,9,212.276946
7,1991,5,17,10,207.154524
7,1991,5,17,11,202.706965
7,1991,5,17,12,198.514808
7,1991,5,17,13,194.115037
7,1991,5,17,14,189.240396
7,1991,5,17,15,183.880361
7,1991,5,17,16,178.200238
7,1991,5,17,17,172.423934
7,1991,5,17,18,166.787310
7,1991,5,17,19,171.500576
7,1991,5,17,20,183.237259
7,1991,5,17,21,203.927336
7,1991,5,17,22,226.150646
7,1991,5,17,23,243.655780
7,1991,5,18,0,254.635505
7,1991,5,18,1,259.503767
7,1991,5,18,2,259.193335
7,1991,5,18,3,254.855508
7,1991,5,18,4,247.796228
7,1991,5,18,5,239.581307
7,1991,5,18,6,230.951029
7,1991,5,18,7,222.082830
7,1991,5,18,8,212.707428
7,1991,5,18,9,202.744715
7,1991,5,18,10,192.527826
7,1991,5,18,11,182.409679
7,1991,5,18,12,172.632707
7,1991,5,18,13,163.329898
7,1991,5,18,14,154.543775
7,1991,5,18,15,146.257537
7,1991,5,18,16,138.437360
7,1991,5,18,17,131.060166
7,1991,5,18,18,124.117710
7,1991,5,18,19,117.607887
7,1991,5,18,20,111.525500
7,1991,5,18,21,105.857789
7,1991,5,18,22,100.584459
7,1991,5,18,23,95.680047
7,1991,5,19,0,91.116724
7,1991,5,19,1,86.866519
7,1991,5,19,2,82.902732
7,1991,5,19,3,79.200648
7,1991,5,19,4,75.737779
7,1991,5,19,5,72.493841
7,1991,5,19,6,69.450606
7,1991,5,19,7,66.591700
7,1991,5,19,8,63.902402
7,1991,5,19,9,61.369455
7,1991,5,19,10,58.980893
7,1991,5,19,11,56.725893
7,1991,5,19,12,54.594645
7,1991,5,19,13,52.578236
7,1991,5,19,14,50.668554
7,1991,5,19,15,48.858202
7,1991,5,19,16,47.140419
7,1991,5,19,17,45.509017
8,1994,1,23,3,5.722177
8,1994,1,23,4,6.894612
8,1994,1,23,5,9.320013
8,1994,1,23,6,12.857092
8,1994,1,23,7,18.207265
8,1994,1,23,8,24.614504
8,1994,1,23,9,32.155316
8,1994,1,23,10,40.275802
8,1994,1,23,11,48.667096
8,1994,1,23,12,57.105156
8,1994,1,23,13,65.118801
8,1994,1,23,14,72.278081
8,1994,1,23,15,78.135985
8,1994,1,23,16,82.298183
8,1994,1,23,17,84.867751
8,1994,1,23,18,85.864863
8,1994,1,23,19,85.492361
8,1994,1,23,20,84.193778
8,1994,1,23,21,82.213409
8,1994,1,23,22,79.874375
8,1994,1,23,23,77.507304
8,1994,1,24,0,75.165917
8,1994,1,24,1,73.395254
8,1994,1,24,2,72.424872
8,1994,1,24,3,72.989770
8,1994,1,24,4,74.606207
8,1994,1,24,5,78.101573
8,1994,1,24,6,82.839101
8,1994,1,24,7,87.957280
8,1994,1,24,8,95.432695
8,1994,1,24,9,105.168507
8,1994,1,24,10,118.146855
8,1994,1,24,11,133.240979
8,1994,1,24,12,148.990413
8,1994,1,24,13,163.928308
8,1994,1,24,14,177.552723
8,1994,1,24,15,191.020124
8,1994,1,24,16,203.342395
8,1994,1,24,17,214.183069
8,1994,1,24,18,222.120279
8,1994,1,24,19,226.363461
8,1994,1,24,20,226.936336
8,1994,1,24,21,224.926664
8,1994,1,24,22,221.485950
8,1994,1,24,23,217.566474
8,1994,1,25,0,213.486966
8,1994,1,25,1,209.926265
8,1994,1,25,2,207.362841
8,1994,1,25,3,204.456232
8,1994,1,25,4,201.787873
8,1994,1,25,5,198.814270
8,1994,1,25,6,196.281719
8,1994,1,25,7,195.451009
8,1994,1,25,8,197.460526
8,1994,1,25,9,199.972895
8,1994,1,25,10,201.864243
8,1994,1,25,11,204.185873
8,1994,1,25,12,206.237497
8,1994,1,25,13,208.188031
8,1994,1,25,14,209.051959
8,1994,1,25,15,207.987497
8,1994,1,25,16,205.311555
8,1994,1,25,17,202.120846
8,1994,1,25,18,199.061690
8,1994,1,25,19,196.141391
8,1994,1,25,20,192.684684
8,1994,1,25,21,188.638046
8,1994,1,25,22,184.138374
8,1994,1,25,23,179.464617
8,1994,1,26,0,174.448173
8,1994,1,26,1,169.103125
8,1994,1,26,2,163.711113
8,1994,1,26,3,158.482233
8,1994,1,26,4,157.139242
8,1994,1,26,5,157.424793
8,1994,1,26,6,159.858660
8,1994,1,26,7,162.370942
8,1994,1,26,8,163.646626
8,1994,1,26,9,164.498225
8,1994,1,26,10,165.132772
8,1994,1,26,11,165.417151
8,1994,1,26,12,165.115368
8,1994,1,26,13,163.932887
8,1994,1,26,14,161.594407
8,1994,1,26,15,157.956174
8,1994,1,26,16,153.085878
8,1994,1,26,17,147.253853
8,1994,1,26,18,140.843970
8,1994,1,26,19,134.236115
8,1994,1,26,20,127.716330
8,1994,1,26,21,121.446536
8,1994,1,26,22,115.488736
8,1994,1,26,23,109.856344
8,1994,1,27,0,104.566873
8,1994,1,27,1,99.665891
8,1994,1,27,2,95.197413
8,1994,1,27,3,91.151104
8,1994,1,27,4,87.448793
8,1994,1,27,5,83.983046
8,1994,1,27,6,80.666238
8,1994,1,27,7,77.454020
8,1994,1,27,8,74.338648
8,1994,1,27,9,71.331919
8,1994,1,27,10,68.450575
8,1994,1,27,11,65.707443
8,1994,1,27,12,63.107582
8,1994,1,27,13,60.648821
8,1994,1,27,14,58.324272
8,1994,1,27,15,56.125216
8,1994,1,27,16,54.042961
8,1994,1,27,17,52.069672
8,1994,1,27,18,50.205007
8,1994,1,27,19,48.441351
8,1994,1,27,20,46.779325
9,2003,5,30,15,3.867752
9,2003,5,30,16,5.048086
9,2003,5,30,17,9.025512
9,2003,5,30,18,15.894237
9,2003,5,30,19,21.948334
9,2003,5,30,20,29.211544
9,2003,5,30,21,40.216443
9,2003,5,30,22,56.250558
9,2003,5,30,23,81.319936
9,2003,5,31,0,112.635696
9,2003,5,31,1,141.457470
9,2003,5,31,2,163.155873
9,2003,5,31,3,177.338583
9,2003,5,31,4,184.969117
9,2003,5,31,5,187.175761
9,2003,5,31,6,185.087285
9,2003,5,31,7,179.807028
9,2003,5,31,8,172.352799
9,2003,5,31,9,163.614377
9,2003,5,31,10,154.336067
9,2003,5,31,11,145.071789
9,2003,5,31,12,136.483270
9,2003,5,31,13,129.320385
9,2003,5,31,14,123.097675
9,2003,5,31,15,117.903694
9,2003,5,31,16,113.465621
9,2003,5,31,17,109.459909
9,2003,5,31,18,105.899732
9,2003,5,31,19,102.420047
9,2003,5,31,20,98.901974
9,2003,5,31,21,96.003199
9,2003,5,31,22,92.912935
9,2003,5,31,23,90.090420
9,2003,6,1,0,87.025648
9,2003,6,1,1,83.735695
9,2003,6,1,2,80.382419
9,2003,6,1,3,77.081682
9,2003,6,1,4,73.889386
9,2003,6,1,5,70.827952
9,2003,6,1,6,67.904875
9,2003,6,1,7,65.120918
9,2003,6,1,8,62.473834
9,2003,6,1,9,59.960321
9,2003,6,1,10,57.576732
9,2003,6,1,11,55.318965
9,2003,6,1,12,53.182168
9,2003,6,1,13,51.160662
9,2003,6,1,14,49.248141
9,2003,6,1,15,47.437997
9,2003,6,1,16,45.723628
9,2003,6,1,17,44.098669
10,2011,12,9,15,38.853148
10,2011,12,9,16,39.063582
10,2011,12,9,17,39.466301
10,2011,12,9,18,39.854557
10,2011,12,9,19,40.035927
10,2011,12,9,20,39.912045
10,2011,12,9,21,39.485501
10,2011,12,9,22,38.837717
10,2011,12,9,23,38.050500
10,2011,12,10,0,37.226342
10,2011,12,10,1,36.399892
10,2011,12,10,2,35.578153
10,2011,12,10,3,34.788857
10,2011,12,10,4,34.009725
10,2011,12,10,5,33.230514
10,2011,12,10,6,32.473938
10,2011,12,10,7,31.730964
10,2011,12,10,8,31.009234
10,2011,12,10,9,30.331299
10,2011,12,10,10,29.825877
10,2011,12,10,11,29.286005
10,2011,12,10,12,28.811077
10,2011,12,10,13,28.327402
10,2011,12,10,14,27.831523
10,2011,12,10,15,27.310453
10,2011,12,10,16,26.770940
10,2011,12,10,17,26.670077
10,2011,12,10,18,26.384975
10,2011,12,10,19,26.226516
10,2011,12,10,20,25.917731
10,2011,12,10,21,25.489949
10,2011,12,10,22,25.020739
10,2011,12,10,23,24.558028
10,2011,12,11,0,24.097763
10,2011,12,11,1,23.629848
10,2011,12,11,2,23.152551
10,2011,12,11,3,22.658442
10,2011,12,11,4,22.148311
10,2011,12,11,5,21.627373
10,2011,12,11,6,21.101754
10,2011,12,11,7,20.577400
10,2011,12,11,8,20.059602
10,2011,12,11,9,19.552507
10,2011,12,11,10,19.058895
10,2011,12,11,11,18.580323
10,2011,12,11,12,18.117453
10,2011,12,11,13,17.670367
10,2011,12,11,14,17.238809
10,2011,12,11,15,16.822642
10,2011,12,11,16,16.423460
10,2011,12,11,17,16.072515
10,2011,12,11,18,16.562585
10,2011,12,11,19,17.776665
10,2011,12,11,20,19.668659
10,2011,12,11,21,24.586357
10,2011,12,11,22,31.802517
10,2011,12,11,23,40.180704
10,2011,12,12,0,49.404488
10,2011,12,12,1,59.008273
10,2011,12,12,2,68.893376
10,2011,12,12,3,78.940348
10,2011,12,12,4,88.597297
10,2011,12,12,5,97.027976
10,2011,12,12,6,103.431087
10,2011,12,12,7,107.311530
10,2011,12,12,8,108.642738
10,2011,12,12,9,107.728069
10,2011,12,12,10,105.779308
10,2011,12,12,11,103.617294
10,2011,12,12,12,102.185083
10,2011,12,12,13,102.290983
10,2011,12,12,14,103.645186
10,2011,12,12,15,105.771079
10,2011,12,12,16,108.354053
10,2011,12,12,17,111.137918
10,2011,12,12,18,114.051484
10,2011,12,12,19,116.850711
10,2011,12,12,20,119.174858
10,2011,12,12,21,120.560502
10,2011,12,12,22,120.670224
10,2011,12,12,23,119.377099
10,2011,12,13,0,116.774435
10,2011,12,13,1,113.119671
10,2011,12,13,2,108.828890
10,2011,12,13,3,104.240685
10,2011,12,13,4,100.643171
10,2011,12,13,5,98.607815
10,2011,12,13,6,97.375804
10,2011,12,13,7,96.837142
10,2011,12,13,8,96.430078
10,2011,12,13,9,96.046958
10,2011,12,13,10,95.756513
10,2011,12,13,11,95.546094
10,2011,12,13,12,95.253812
10,2011,12,13,13,94.641965
10,2011,12,13,14,93.575404
10,2011,12,13,15,92.800373
10,2011,12,13,16,91.478812
10,2011,12,13,17,89.936914
10,2011,12,13,18,87.916857
10,2011,12,13,19,86.509350
10,2011,12,13,20,86.275176
10,2011,12,13,21,87.668555
10,2011,12,13,22,90.248882
10,2011,12,13,23,94.287270
10,2011,12,14,0,98.712933
10,2011,12,14,1,103.667872
10,2011,12,14,2,108.902150
10,2011,12,14,3,114.021095
10,2011,12,14,4,118.523340
10,2011,12,14,5,121.606389
10,2011,12,14,6,122.872639
10,2011,12,14,7,122.154915
10,2011,12,14,8,119.777719
10,2011,12,14,9,116.271559
10,2011,12,14,10,112.155440
10,2011,12,14,11,107.813432
10,2011,12,14,12,103.460038
10,2011,12,14,13,99.180181
10,2011,12,14,14,94.995514
10,2011,12,14,15,92.371734
10,2011,12,14,16,90.452583
10,2011,12,14,17,89.756702
10,2011,12,14,18,89.915568
10,2011,12,14,19,90.972355
10,2011,12,14,20,93.282111
10,2011,12,14,21,98.828584
10,2011,12,14,22,109.530875
10,2011,12,14,23,122.999257
10,2011,12,15,0,138.902355
10,2011,12,15,1,154.896413
10,2011,12,15,2,170.120391
10,2011,12,15,3,185.780053
10,2011,12,15,4,201.081257
10,2011,12,15,5,214.849234
10,2011,12,15,6,225.688492
10,2011,12,15,7,232.392344
10,2011,12,15,8,234.693931
10,2011,12,15,9,233.016597
10,2011,12,15,10,228.157232
10,2011,12,15,11,220.977140
10,2011,12,15,12,212.206958
10,2011,12,15,13,202.402470
10,2011,12,15,14,191.993141
10,2011,12,15,15,181.339561
10,2011,12,15,16,170.755371
10,2011,12,15,17,160.506401
10,2011,12,15,18,150.811642
10,2011,12,15,19,141.826127
10,2011,12,15,20,133.610159
10,2011,12,15,21,126.170514
10,2011,12,15,22,119.473137
10,2011,12,15,23,113.423001
10,2011,12,16,0,108.209033
10,2011,12,16,1,103.662777
10,2011,12,16,2,99.810317
10,2011,12,16,3,96.536590
10,2011,12,16,4,93.677166
10,2011,12,16,5,91.018311
10,2011,12,16,6,88.464709
10,2011,12,16,7,86.089848
10,2011,12,16,8,83.980145
10,2011,12,16,9,82.993643
10,2011,12,16,10,81.826926
10,2011,12,16,11,80.956619
10,2011,12,16,12,80.504208
10,2011,12,16,13,81.967396
10,2011,12,16,14,83.206017
10,2011,12,16,15,84.343095
10,2011,12,16,16,84.794017
10,2011,12,16,17,84.519723
10,2011,12,16,18,84.010568
10,2011,12,16,19,83.815514
10,2011,12,16,20,83.784157
10,2011,12,16,21,84.501644
10,2011,12,16,22,86.038526
10,2011,12,16,23,88.159096
10,2011,12,17,0,90.474028
10,2011,12,17,1,92.467649
10,2011,12,17,2,94.140393
10,2011,12,17,3,95.755072
10,2011,12,17,4,97.445391
10,2011,12,17,5,99.069879
10,2011,12,17,6,99.988878
10,2011,12,17,7,100.006070
10,2011,12,17,8,98.948297
10,2011,12,17,9,97.208832
10,2011,12,17,10,94.959289
10,2011,12,17,11,92.917345
10,2011,12,17,12,91.875519
10,2011,12,17,13,90.938535
10,2011,12,17,14,91.474239
10,2011,12,17,15,92.580813
10,2011,12,17,16,94.933432
10,2011,12,17,17,97.931621
10,2011,12,17,18,102.733535
10,2011,12,17,19,107.780241
10,2011,12,17,20,112.894188
10,2011,12,17,21,117.577912
10,2011,12,17,22,121.656176
10,2011,12,17,23,125.517304
10,2011,12,18,0,129.032793
10,2011,12,18,1,132.093763
10,2011,12,18,2,134.387140
10,2011,12,18,3,135.442019
10,2011,12,18,4,135.002739
10,2011,12,18,5,133.190505
10,2011,12,18,6,130.320099
10,2011,12,18,7,126.777642
10,2011,12,18,8,123.173870
10,2011,12,18,9,119.737663
10,2011,12,18,10,115.962501
10,2011,12,18,11,114.460408
10,2011,12,18,12,111.839904
10,2011,12,18,13,109.146887
10,2011,12,18,14,105.804068
10,2011,12,18,15,101.946659
10,2011,12,18,16,98.007568
10,2011,12,18,17,94.360347
10,2011,12,18,18,90.862618
10,2011,12,18,19,87.584704
10,2011,12,18,20,84.425593
10,2011,12,18,21,81.375554
10,2011,12,18,22,78.441152
10,2011,12,18,23,75.606768
10,2011,12,19,0,72.849466
10,2011,12,19,1,70.157145
10,2011,12,19,2,67.534845
10,2011,12,19,3,64.994949
10,2011,12,19,4,62.550856
10,2011,12,19,5,60.216572
10,2011,12,19,6,58.019363
10,2011,12,19,7,55.981907
10,2011,12,19,8,54.168079
10,2011,12,19,9,52.367047
10,2011,12,19,10,50.686013
11,2012,5,20,23,5.930450
11,2012,5,21,0,5.845535
11,2012,5,21,1,17.123853
11,2012,5,21,2,30.305545
11,2012,5,21,3,45.069872
11,2012,5,21,4,60.240950
11,2012,5,21,5,71.575175
11,2012,5,21,6,79.565097
11,2012,5,21,7,86.092602
11,2012,5,21,8,92.206901
11,2012,5,21,9,99.388310
11,2012,5,21,10,109.565934
11,2012,5,21,11,124.339348
11,2012,5,21,12,143.871857
11,2012,5,21,13,164.551390
11,2012,5,21,14,185.154039
11,2012,5,21,15,202.493750
11,2012,5,21,16,214.944989
11,2012,5,21,17,221.730487
11,2012,5,21,18,222.868814
11,2012,5,21,19,219.161280
11,2012,5,21,20,211.863541
11,2012,5,21,21,202.282732
11,2012,5,21,22,191.517628
11,2012,5,21,23,180.373086
11,2012,5,22,0,169.382515
11,2012,5,22,1,158.868852
11,2012,5,22,2,149.005549
11,2012,5,22,3,139.865222
11,2012,5,22,4,131.457147
11,2012,5,22,5,124.423933
11,2012,5,22,6,118.497141
11,2012,5,22,7,116.142957
11,2012,5,22,8,117.087785
11,2012,5,22,9,120.983899
11,2012,5,22,10,125.837421
11,2012,5,22,11,130.726594
11,2012,5,22,12,134.960522
11,2012,5,22,13,138.796250
11,2012,5,22,14,142.419853
11,2012,5,22,15,145.342305
11,2012,5,22,16,146.944663
11,2012,5,22,17,146.866726
11,2012,5,22,18,145.102952
11,2012,5,22,19,141.745974
11,2012,5,22,20,137.255584
11,2012,5,22,21,131.997017
11,2012,5,22,22,126.304715
11,2012,5,22,23,120.477436
11,2012,5,23,0,114.728720
11,2012,5,23,1,109.179127
11,2012,5,23,2,103.882241
11,2012,5,23,3,98.855880
11,2012,5,23,4,94.103234
11,2012,5,23,5,89.622531
11,2012,5,23,6,85.409428
11,2012,5,23,7,81.456678
11,2012,5,23,8,77.753776
11,2012,5,23,9,74.287391
11,2012,5,23,10,71.042361
11,2012,5,23,11,68.002800
11,2012,5,23,12,65.152985
11,2012,5,23,13,62.477944
11,2012,5,23,14,59.963764
11,2012,5,23,15,57.597703
11,2012,5,23,16,55.368177
11,2012,5,23,17,53.264693
11,2012,5,23,18,51.277752
11,2012,5,23,19,49.398749
11,2012,5,23,20,47.619879
11,2012,5,23,21,45.934046
